<?xml version="1.0" encoding="UTF-8"?>
<testSuite name="ParsingPerformance" xmlns="http://www.sun.com/japex/testSuite">
    <!-- 
      - 0 or more global params 
      -
      - Default global params are:
      -    japex.warmupIterations = 300 
      -    japex.runIterations = 300
      -    japex.warmupTime = (undefined)
      -    japex.runTime = (undefined)
      -    japex.numberOfThreads = 1
      -    japex.resultUnit = TPS
      -    japex.classPath = (undefined)
      -
      - If both iterations and time are specified (e.g. japex.warmupIterations
      - and japex.warmupTime) the latter takes precedence. Any user-defined
      - global parameter (not starting with "japex.") is simply copied to the
      - output report.
      -
      -->
    <param name="libraryDir" value="lib"/>
    <param name="japex.classPath" value="${libraryDir}/../dist/classes"/>
    <param name="japex.classPath" value="${libraryDir}/FastInfoset.jar"/>
    <!-- The following jars must be downloaded -->
    <param name="japex.classPath" value="${libraryDir}/jsr173_api.jar"/>
    <param name="japex.classPath" value="${libraryDir}/jsr173_1.0_ri.jar"/>
    <param name="japex.classPath" value="${libraryDir}/xpp3-1.1.3.4.G.jar"/>
    <param name="japex.classPath" value="${libraryDir}/Piccolo.jar"/>
    
    <!-- Run each test for 10 seconds -->
    <param name="japex.warmupTime" value="5"/>
    <param name="japex.runTime" value="5"/>

    <!-- 1 or more drivers 
      -
      - Driver parameters can override global parameters. The optional
      - parameter "japex.driverClass" can be used to the define the
      - name of the class implementing the driver. If absent, the 
      - driver's name is used as the class name as well.
      - Japex will set the value of the following output parameters
      - after the run for each driver is completed:
      -
      - japex.resultAritMean: results arithmetic mean
      - japex.resultGeomMean: results geometric mean
      - japex.resultHarmMean: results harmonic mean
      -
      -->
    <driver name="FastInfosetDriver" normal="true">
        <param name="japex.driverClass" value="parser.sax.FastInfosetDriver"/>
        <param name="description" value="Fast Infoset SAX Parser"/>
    </driver>
    <driver name="JAXPDriver">
        <param name="japex.driverClass" value="parser.sax.JAXPDriver"/>
        <param name="description" value="JAXP SAX Parser"/>
    </driver>
    <driver name="StAXRIDriver">
        <param name="japex.driverClass" value="parser.stax.StAXRIDriver"/>
        <param name="description" value="StAX Reference Implementation Parser"/>
    </driver>    
    <driver name="SJSXPDriver">
        <param name="japex.driverClass" value="parser.stax.SJSXPDriver"/>
        <param name="description" value="Sun Java Streaming XML Parser"/>
    </driver>    
    <driver name="XPP3Driver">
        <param name="japex.driverClass" value="parser.XPP3Driver"/>
        <param name="description" value="XPP3 Pull Parser"/>
    </driver>
    <driver name="PiccoloDriver">
        <param name="japex.driverClass" value="parser.sax.PiccoloDriver"/>
        <param name="description" value="Piccolo SAX Parser"/>
    </driver>
    
    <!-- 
      - 1 or more test cases
      -
      - Test case parameters can override global parameters (e.g. japex.RunTime)
      - User-defined parameters (not starting with "japex.") are made available 
      - to each driver via getParam(). Typically, these parameters will be used
      - to define the location of resources needed for a test. 
      -
      -->
    <testCase name="inv1.xml">
        <param name="xmlfile" value="data/inv1.xml"/>
    </testCase>
    <testCase name="inv10.xml">
        <param name="xmlfile" value="data/inv10.xml"/>
    </testCase>
    <testCase name="inv50.xml">
        <param name="xmlfile" value="data/inv50.xml"/>
    </testCase>
    <testCase name="inv100.xml">
        <param name="xmlfile" value="data/inv100.xml"/>
    </testCase>
</testSuite>
