<?xml version="1.0"?>

<table>
  <row>
    <id>0000</id>
    <firstname>Al</firstname>
    <lastname>Aranow</lastname>
    <street>1 Any St.</street>
    <city>Anytown</city>
    <state>AL</state>
    <zip>22000</zip>
  </row>
  <row>
    <id>0001</id>
    <firstname>Bob</firstname>
    <lastname>Aranow</lastname>
    <street>2 Any St.</street>
    <city>Anytown</city>
    <state>AL</state>
    <zip>22000</zip>
  </row>
  <row>
    <id>0002</id>
    <firstname>Charles</firstname>
    <lastname>Aranow</lastname>
    <street>3 Any St.</street>
    <city>Anytown</city>
    <state>AL</state>
    <zip>22000</zip>
  </row>
  <row>
    <id>0003</id>
    <firstname>David</firstname>
    <lastname>Aranow</lastname>
    <street>4 Any St.</street>
    <city>Anytown</city>
    <state>AL</state>
    <zip>22000</zip>
  </row>
  <row>
    <id>0004</id>
    <firstname>Egon</firstname>
    <lastname>Aranow</lastname>
    <street>5 Any St.</street>
    <city>Anytown</city>
    <state>AL</state>
    <zip>22000</zip>
  </row>
  <row>
    <id>0005</id>
    <firstname>Farbood</firstname>
    <lastname>Aranow</lastname>
    <street>6 Any St.</street>
    <city>Anytown</city>
    <state>AL</state>
    <zip>22000</zip>
  </row>
  <row>
    <id>0006</id>
    <firstname>George</firstname>
    <lastname>Aranow</lastname>
    <street>7 Any St.</street>
    <city>Anytown</city>
    <state>AL</state>
    <zip>22000</zip>
  </row>
  <row>
    <id>0007</id>
    <firstname>Hank</firstname>
    <lastname>Aranow</lastname>
    <street>8 Any St.</street>
    <city>Anytown</city>
    <state>AL</state>
    <zip>22000</zip>
  </row>
  <row>
    <id>0008</id>
    <firstname>Inki</firstname>
    <lastname>Aranow</lastname>
    <street>9 Any St.</street>
    <city>Anytown</city>
    <state>AL</state>
    <zip>22000</zip>
  </row>
  <row>
    <id>0009</id>
    <firstname>James</firstname>
    <lastname>Aranow</lastname>
    <street>10 Any St.</street>
    <city>Anytown</city>
    <state>AL</state>
    <zip>22000</zip>
  </row>
</table>
