<?xml version="1.0"?>

<table>
  <row>
    <id>0000</id>
    <firstname>Al</firstname>
    <lastname>Aranow</lastname>
    <street>1 Any St.</street>
    <city>Anytown</city>
    <state>AL</state>
    <zip>22000</zip>
  </row>
  <row>
    <id>0001</id>
    <firstname>Bob</firstname>
    <lastname>Aranow</lastname>
    <street>2 Any St.</street>
    <city>Anytown</city>
    <state>AL</state>
    <zip>22000</zip>
  </row>
  <row>
    <id>0002</id>
    <firstname>Charles</firstname>
    <lastname>Aranow</lastname>
    <street>3 Any St.</street>
    <city>Anytown</city>
    <state>AL</state>
    <zip>22000</zip>
  </row>
  <row>
    <id>0003</id>
    <firstname>David</firstname>
    <lastname>Aranow</lastname>
    <street>4 Any St.</street>
    <city>Anytown</city>
    <state>AL</state>
    <zip>22000</zip>
  </row>
  <row>
    <id>0004</id>
    <firstname>Egon</firstname>
    <lastname>Aranow</lastname>
    <street>5 Any St.</street>
    <city>Anytown</city>
    <state>AL</state>
    <zip>22000</zip>
  </row>
  <row>
    <id>0005</id>
    <firstname>Farbood</firstname>
    <lastname>Aranow</lastname>
    <street>6 Any St.</street>
    <city>Anytown</city>
    <state>AL</state>
    <zip>22000</zip>
  </row>
  <row>
    <id>0006</id>
    <firstname>George</firstname>
    <lastname>Aranow</lastname>
    <street>7 Any St.</street>
    <city>Anytown</city>
    <state>AL</state>
    <zip>22000</zip>
  </row>
  <row>
    <id>0007</id>
    <firstname>Hank</firstname>
    <lastname>Aranow</lastname>
    <street>8 Any St.</street>
    <city>Anytown</city>
    <state>AL</state>
    <zip>22000</zip>
  </row>
  <row>
    <id>0008</id>
    <firstname>Inki</firstname>
    <lastname>Aranow</lastname>
    <street>9 Any St.</street>
    <city>Anytown</city>
    <state>AL</state>
    <zip>22000</zip>
  </row>
  <row>
    <id>0009</id>
    <firstname>James</firstname>
    <lastname>Aranow</lastname>
    <street>10 Any St.</street>
    <city>Anytown</city>
    <state>AL</state>
    <zip>22000</zip>
  </row>
  <row>
    <id>0010</id>
    <firstname>Al</firstname>
    <lastname>Barker</lastname>
    <street>11 Any St.</street>
    <city>Anytown</city>
    <state>AL</state>
    <zip>22000</zip>
  </row>
  <row>
    <id>0011</id>
    <firstname>Bob</firstname>
    <lastname>Barker</lastname>
    <street>12 Any St.</street>
    <city>Anytown</city>
    <state>AL</state>
    <zip>22000</zip>
  </row>
  <row>
    <id>0012</id>
    <firstname>Charles</firstname>
    <lastname>Barker</lastname>
    <street>13 Any St.</street>
    <city>Anytown</city>
    <state>AL</state>
    <zip>22000</zip>
  </row>
  <row>
    <id>0013</id>
    <firstname>David</firstname>
    <lastname>Barker</lastname>
    <street>14 Any St.</street>
    <city>Anytown</city>
    <state>AL</state>
    <zip>22000</zip>
  </row>
  <row>
    <id>0014</id>
    <firstname>Egon</firstname>
    <lastname>Barker</lastname>
    <street>15 Any St.</street>
    <city>Anytown</city>
    <state>AL</state>
    <zip>22000</zip>
  </row>
  <row>
    <id>0015</id>
    <firstname>Farbood</firstname>
    <lastname>Barker</lastname>
    <street>16 Any St.</street>
    <city>Anytown</city>
    <state>AL</state>
    <zip>22000</zip>
  </row>
  <row>
    <id>0016</id>
    <firstname>George</firstname>
    <lastname>Barker</lastname>
    <street>17 Any St.</street>
    <city>Anytown</city>
    <state>AL</state>
    <zip>22000</zip>
  </row>
  <row>
    <id>0017</id>
    <firstname>Hank</firstname>
    <lastname>Barker</lastname>
    <street>18 Any St.</street>
    <city>Anytown</city>
    <state>AL</state>
    <zip>22000</zip>
  </row>
  <row>
    <id>0018</id>
    <firstname>Inki</firstname>
    <lastname>Barker</lastname>
    <street>19 Any St.</street>
    <city>Anytown</city>
    <state>AL</state>
    <zip>22000</zip>
  </row>
  <row>
    <id>0019</id>
    <firstname>James</firstname>
    <lastname>Barker</lastname>
    <street>20 Any St.</street>
    <city>Anytown</city>
    <state>AL</state>
    <zip>22000</zip>
  </row>
  <row>
    <id>0020</id>
    <firstname>Al</firstname>
    <lastname>Corsetti</lastname>
    <street>21 Any St.</street>
    <city>Anytown</city>
    <state>AL</state>
    <zip>22000</zip>
  </row>
  <row>
    <id>0021</id>
    <firstname>Bob</firstname>
    <lastname>Corsetti</lastname>
    <street>22 Any St.</street>
    <city>Anytown</city>
    <state>AL</state>
    <zip>22000</zip>
  </row>
  <row>
    <id>0022</id>
    <firstname>Charles</firstname>
    <lastname>Corsetti</lastname>
    <street>23 Any St.</street>
    <city>Anytown</city>
    <state>AL</state>
    <zip>22000</zip>
  </row>
  <row>
    <id>0023</id>
    <firstname>David</firstname>
    <lastname>Corsetti</lastname>
    <street>24 Any St.</street>
    <city>Anytown</city>
    <state>AL</state>
    <zip>22000</zip>
  </row>
  <row>
    <id>0024</id>
    <firstname>Egon</firstname>
    <lastname>Corsetti</lastname>
    <street>25 Any St.</street>
    <city>Anytown</city>
    <state>AL</state>
    <zip>22000</zip>
  </row>
  <row>
    <id>0025</id>
    <firstname>Farbood</firstname>
    <lastname>Corsetti</lastname>
    <street>26 Any St.</street>
    <city>Anytown</city>
    <state>AL</state>
    <zip>22000</zip>
  </row>
  <row>
    <id>0026</id>
    <firstname>George</firstname>
    <lastname>Corsetti</lastname>
    <street>27 Any St.</street>
    <city>Anytown</city>
    <state>AL</state>
    <zip>22000</zip>
  </row>
  <row>
    <id>0027</id>
    <firstname>Hank</firstname>
    <lastname>Corsetti</lastname>
    <street>28 Any St.</street>
    <city>Anytown</city>
    <state>AL</state>
    <zip>22000</zip>
  </row>
  <row>
    <id>0028</id>
    <firstname>Inki</firstname>
    <lastname>Corsetti</lastname>
    <street>29 Any St.</street>
    <city>Anytown</city>
    <state>AL</state>
    <zip>22000</zip>
  </row>
  <row>
    <id>0029</id>
    <firstname>James</firstname>
    <lastname>Corsetti</lastname>
    <street>30 Any St.</street>
    <city>Anytown</city>
    <state>AL</state>
    <zip>22000</zip>
  </row>
  <row>
    <id>0030</id>
    <firstname>Al</firstname>
    <lastname>Dershowitz</lastname>
    <street>31 Any St.</street>
    <city>Anytown</city>
    <state>AL</state>
    <zip>22000</zip>
  </row>
  <row>
    <id>0031</id>
    <firstname>Bob</firstname>
    <lastname>Dershowitz</lastname>
    <street>32 Any St.</street>
    <city>Anytown</city>
    <state>AL</state>
    <zip>22000</zip>
  </row>
  <row>
    <id>0032</id>
    <firstname>Charles</firstname>
    <lastname>Dershowitz</lastname>
    <street>33 Any St.</street>
    <city>Anytown</city>
    <state>AL</state>
    <zip>22000</zip>
  </row>
  <row>
    <id>0033</id>
    <firstname>David</firstname>
    <lastname>Dershowitz</lastname>
    <street>34 Any St.</street>
    <city>Anytown</city>
    <state>AL</state>
    <zip>22000</zip>
  </row>
  <row>
    <id>0034</id>
    <firstname>Egon</firstname>
    <lastname>Dershowitz</lastname>
    <street>35 Any St.</street>
    <city>Anytown</city>
    <state>AL</state>
    <zip>22000</zip>
  </row>
  <row>
    <id>0035</id>
    <firstname>Farbood</firstname>
    <lastname>Dershowitz</lastname>
    <street>36 Any St.</street>
    <city>Anytown</city>
    <state>AL</state>
    <zip>22000</zip>
  </row>
  <row>
    <id>0036</id>
    <firstname>George</firstname>
    <lastname>Dershowitz</lastname>
    <street>37 Any St.</street>
    <city>Anytown</city>
    <state>AL</state>
    <zip>22000</zip>
  </row>
  <row>
    <id>0037</id>
    <firstname>Hank</firstname>
    <lastname>Dershowitz</lastname>
    <street>38 Any St.</street>
    <city>Anytown</city>
    <state>AL</state>
    <zip>22000</zip>
  </row>
  <row>
    <id>0038</id>
    <firstname>Inki</firstname>
    <lastname>Dershowitz</lastname>
    <street>39 Any St.</street>
    <city>Anytown</city>
    <state>AL</state>
    <zip>22000</zip>
  </row>
  <row>
    <id>0039</id>
    <firstname>James</firstname>
    <lastname>Dershowitz</lastname>
    <street>40 Any St.</street>
    <city>Anytown</city>
    <state>AL</state>
    <zip>22000</zip>
  </row>
  <row>
    <id>0040</id>
    <firstname>Al</firstname>
    <lastname>Engleman</lastname>
    <street>41 Any St.</street>
    <city>Anytown</city>
    <state>AL</state>
    <zip>22000</zip>
  </row>
  <row>
    <id>0041</id>
    <firstname>Bob</firstname>
    <lastname>Engleman</lastname>
    <street>42 Any St.</street>
    <city>Anytown</city>
    <state>AL</state>
    <zip>22000</zip>
  </row>
  <row>
    <id>0042</id>
    <firstname>Charles</firstname>
    <lastname>Engleman</lastname>
    <street>43 Any St.</street>
    <city>Anytown</city>
    <state>AL</state>
    <zip>22000</zip>
  </row>
  <row>
    <id>0043</id>
    <firstname>David</firstname>
    <lastname>Engleman</lastname>
    <street>44 Any St.</street>
    <city>Anytown</city>
    <state>AL</state>
    <zip>22000</zip>
  </row>
  <row>
    <id>0044</id>
    <firstname>Egon</firstname>
    <lastname>Engleman</lastname>
    <street>45 Any St.</street>
    <city>Anytown</city>
    <state>AL</state>
    <zip>22000</zip>
  </row>
  <row>
    <id>0045</id>
    <firstname>Farbood</firstname>
    <lastname>Engleman</lastname>
    <street>46 Any St.</street>
    <city>Anytown</city>
    <state>AL</state>
    <zip>22000</zip>
  </row>
  <row>
    <id>0046</id>
    <firstname>George</firstname>
    <lastname>Engleman</lastname>
    <street>47 Any St.</street>
    <city>Anytown</city>
    <state>AL</state>
    <zip>22000</zip>
  </row>
  <row>
    <id>0047</id>
    <firstname>Hank</firstname>
    <lastname>Engleman</lastname>
    <street>48 Any St.</street>
    <city>Anytown</city>
    <state>AL</state>
    <zip>22000</zip>
  </row>
  <row>
    <id>0048</id>
    <firstname>Inki</firstname>
    <lastname>Engleman</lastname>
    <street>49 Any St.</street>
    <city>Anytown</city>
    <state>AL</state>
    <zip>22000</zip>
  </row>
  <row>
    <id>0049</id>
    <firstname>James</firstname>
    <lastname>Engleman</lastname>
    <street>50 Any St.</street>
    <city>Anytown</city>
    <state>AL</state>
    <zip>22000</zip>
  </row>
</table>
