<project>
  <pomVersion>3</pomVersion>

  <id>dtd-parser</id>
  <name>dtd-parser</name>
  <groupId>sun</groupId>
  <currentVersion>1.0</currentVersion>
  
  <organization>
    <name>Sun Microsystems</name>
    <url>http://www.sun.com/</url>
  </organization>
  <inceptionYear>2005</inceptionYear>

  <shortDescription>API for parsing DTDs</shortDescription>
  <url>http://dtd-parser.dev.java.net/</url>
  
  <package>com.sun.dtdparser</package>

  <developers>
    <developer>
      <name>Kohsuke Kawaguchi</name>
      <id>kohsuke</id>
      <email>kohsuke.kawaguchi@sun.com</email>
    </developer>
  </developers>

  <dependencies /> <!-- none! -->

  <build>
    <nagEmailAddress>kk@kohsuke.org</nagEmailAddress>
    <sourceDirectory>src</sourceDirectory>
    
    <!--unitTestSourceDirectory>src/test</unitTestSourceDirectory>
    <unitTest>
      <includes>
        <include>**/*Test.class</include>
      </includes>
    </unitTest-->
  </build>

</project>
