<!--
Copyright (c) 2009, Sun Microsystems
All rights reserved.

Redistribution and use in source and binary forms, with or without modification,
are permitted provided that the following conditions are met:

  * Redistributions of source code must retain the above copyright notice, this
    list of conditions and the following disclaimer.
  * Redistributions in binary form must reproduce the above copyright notice,
    this list of conditions and the following disclaimer in the documentation
    and/or other materials provided with the distribution.
  * Neither the name of the Sun Microsystems nor the names of its contributors
    may be used to endorse or promote products derived from this software
    without specific prior written permission.

THIS SOFTWARE IS PROVIDED BY THE COPYRIGHT HOLDERS AND CONTRIBUTORS "AS IS" AND
ANY EXPRESS OR IMPLIED WARRANTIES, INCLUDING, BUT NOT LIMITED TO, THE IMPLIED
WARRANTIES OF MERCHANTABILITY AND FITNESS FOR A PARTICULAR PURPOSE ARE
DISCLAIMED. IN NO EVENT SHALL THE COPYRIGHT HOLDER OR CONTRIBUTORS BE LIABLE
FOR ANY DIRECT, INDIRECT, INCIDENTAL, SPECIAL, EXEMPLARY, OR CONSEQUENTIAL
DAMAGES (INCLUDING, BUT NOT LIMITED TO, PROCUREMENT OF SUBSTITUTE GOODS OR
SERVICES; LOSS OF USE, DATA, OR PROFITS; OR BUSINESS INTERRUPTION) HOWEVER
CAUSED AND ON ANY THEORY OF LIABILITY, WHETHER IN CONTRACT, STRICT LIABILITY,
OR TORT (INCLUDING NEGLIGENCE OR OTHERWISE) ARISING IN ANY WAY OUT OF THE USE
OF THIS SOFTWARE, EVEN IF ADVISED OF THE POSSIBILITY OF SUCH DAMAGE.
-->
<project>
  <pomVersion>3</pomVersion>

  <id>dtd-parser</id>
  <name>dtd-parser</name>
  <groupId>sun</groupId>
  <currentVersion>1.0</currentVersion>
  
  <organization>
    <name>Sun Microsystems</name>
    <url>http://www.sun.com/</url>
  </organization>
  <inceptionYear>2005</inceptionYear>

  <shortDescription>API for parsing DTDs</shortDescription>
  <url>http://dtd-parser.dev.java.net/</url>
  
  <package>com.sun.xml.dtdparser</package>

  <developers>
    <developer>
      <name>Kohsuke Kawaguchi</name>
      <id>kohsuke</id>
      <email>kohsuke.kawaguchi@sun.com</email>
    </developer>
  </developers>

  <dependencies /> <!-- none! -->

  <build>
    <nagEmailAddress>kk@kohsuke.org</nagEmailAddress>
    <sourceDirectory>src</sourceDirectory>

    <resources>
      <resource>
        <directory>src</directory>
        <includes>
          <include>**/*.properties</include>
        </includes>
      </resource>
    </resources>
    <!--unitTestSourceDirectory>src/test</unitTestSourceDirectory>
    <unitTest>
      <includes>
        <include>**/*Test.class</include>
      </includes>
    </unitTest-->
  </build>

</project>
