<?xml version="1.0" encoding="UTF-8"?>
<Order xmlns:res="urn:oasis:names:tc:ubl:codelist:AcknowledgementResponseCode:1:0" xmlns:cbc="urn:oasis:names:tc:ubl:CommonBasicComponents:1:0" xmlns:cac="urn:oasis:names:tc:ubl:CommonAggregateComponents:1:0" xmlns:cur="urn:oasis:names:tc:ubl:codelist:CurrencyCode:1:0" xmlns:xsi="http://www.w3.org/2001/XMLSchema-instance" xmlns="urn:oasis:names:tc:ubl:Order:1:0" xsi:schemaLocation="urn:oasis:names:tc:ubl:Order:1:0 ../../xsd/maindoc/UBL-Order-1.0.xsd"><BuyersID>S03-034257</BuyersID><cbc:IssueDate>2003-02-03</cbc:IssueDate><cac:BuyerParty><cac:Party><cac:PartyName><cbc:Name>Jerry Builder plc</cbc:Name></cac:PartyName><cac:Address><cbc:StreetName>Marsh Lane</cbc:StreetName><cbc:CityName>Nowhere</cbc:CityName><cbc:PostalZone>NR18 4XX</cbc:PostalZone><cbc:CountrySubentity>Norfolk</cbc:CountrySubentity></cac:Address><cac:Contact><cbc:Name>Eva Brick</cbc:Name></cac:Contact></cac:Party></cac:BuyerParty><cac:SellerParty><cac:Party><cac:PartyName><cbc:Name>Specialist Windows plc</cbc:Name></cac:PartyName><cac:Address><cbc:BuildingName>Snowhill Works</cbc:BuildingName><cbc:CityName>Little Snoring</cbc:CityName><cbc:PostalZone>SM2 3NW</cbc:PostalZone><cbc:CountrySubentity>Whereshire</cbc:CountrySubentity></cac:Address></cac:Party></cac:SellerParty><cac:Delivery><cbc:RequestedDeliveryDateTime>2003-02-24T00:00:00</cbc:RequestedDeliveryDateTime><cac:DeliveryAddress><cbc:StreetName>Riverside Rd.</cbc:StreetName><cbc:BuildingName>Plot 17, Whitewater Estate</cbc:BuildingName><cbc:CityName>Whetstone</cbc:CityName><cbc:CountrySubentity>Middlesex</cbc:CountrySubentity></cac:DeliveryAddress></cac:Delivery><cac:OrderLine><cac:LineItem><cac:BuyersID>A</cac:BuyersID><cbc:Quantity quantityUnitCode="unit">2</cbc:Quantity><cac:Item><cac:SellersItemIdentification><cac:ID>236WV</cac:ID><cac:PhysicalAttribute><cac:AttributeID>wood</cac:AttributeID><cbc:Description>soft</cbc:Description></cac:PhysicalAttribute><cac:PhysicalAttribute><cac:AttributeID>finish</cac:AttributeID><cbc:Description>primed</cbc:Description></cac:PhysicalAttribute><cac:PhysicalAttribute><cac:AttributeID>fittings</cac:AttributeID><cbc:Description>satin</cbc:Description></cac:PhysicalAttribute><cac:PhysicalAttribute><cac:AttributeID>glazing</cac:AttributeID><cbc:Description>single</cbc:Description></cac:PhysicalAttribute></cac:SellersItemIdentification></cac:Item></cac:LineItem></cac:OrderLine><cac:OrderLine><cac:LineItem><cac:BuyersID>B</cac:BuyersID><cbc:Quantity quantityUnitCode="unit">3</cbc:Quantity><cac:Item><cac:SellersItemIdentification><cac:ID>340TW</cac:ID><cac:PhysicalAttribute><cac:AttributeID>hand</cac:AttributeID><cbc:Description>RH</cbc:Description></cac:PhysicalAttribute><cac:PhysicalAttribute><cac:AttributeID>wood</cac:AttributeID><cbc:Description>hard</cbc:Description></cac:PhysicalAttribute><cac:PhysicalAttribute><cac:AttributeID>finish</cac:AttributeID><cbc:Description>stain</cbc:Description></cac:PhysicalAttribute><cac:PhysicalAttribute><cac:AttributeID>fittings</cac:AttributeID><cbc:Description>brass</cbc:Description></cac:PhysicalAttribute><cac:PhysicalAttribute><cac:AttributeID>glazing</cac:AttributeID><cbc:Description>double</cbc:Description></cac:PhysicalAttribute></cac:SellersItemIdentification></cac:Item></cac:LineItem></cac:OrderLine></Order>
