<project xmlns:j="jelly:core" xmlns:u="jelly:util">

   <postGoal name="dist:prepare-bin-filesystem">
     <!-- copy additional files into the distribution zip/tgz -->
     <copy todir="${maven.dist.bin.archive.dir}/${maven.final.name}/examples">
       <fileset dir="${basedir}/examples"/>
     </copy>
   </postGoal>
   
   
   <!-- upload the distributions to SourceForge. -->
   <goal name="upload-dist">
     <attainGoal name="dist"/>
     <ftp server="upload.sf.net" userid="anonymous" password="kkawa"
          remotedir="/incoming">
         <fileset dir="target/distributions" includes="*" />
     </ftp>
   </goal>
   
   
   <!-- upload web contents -->
   <goal name="upload-site">
     <attainGoal name="site:sshdeploy" />
   </goal>

</project>